ä½œè€…,æ ‡é¢˜,å°é¢,å‘å¸ƒæ—¥æœŸ,ç‚¹èµ,æ”¶è—,è¯„è®º
æ­¦æ±‰æ—ä¿Šæ°è£…ä¿®æ—¥è®°,30å²ç‹¬å±… è‡ªè£…72å¹³ è¿™æ˜¯å…¨ç½‘æœ€ç®€å•çš„è£…ä¿®å§,https://sns-img-qc.xhscdn.com/8aeeadf8-9376-8d59-610c-c154d8b401e4?imageView2/2/w/640/format/webp|imageMogr2/strip,05-23 æ¹–åŒ—,100+,100+,10+
å—æ™èŠ±è‰º,æ‘†åœ°æ‘ŠèŠ±æŸåŒ…è£…æ•™å­¦100æœŸã€Œç¬¬26æœŸã€,https://sns-img-qc.xhscdn.com/8aeeadf8-9376-8d59-610c-c154d8b401e4?imageView2/2/w/640/format/webp|imageMogr2/strip,05-23 å¹¿ä¸œ,100+,10+,0
å®å®çš„ğŸ¦å°å¥¶æ²¹ğŸ¼,520ï½ç­‰å¾…çˆ±ä½ çš„äººï¼ˆæ‰­æ£’é»„ç«ç‘°ï¼‰,https://sns-img-qc.xhscdn.com/8aeeadf8-9376-8d59-610c-c154d8b401e4?imageView2/2/w/640/format/webp|imageMogr2/strip,05-20 æ±Ÿè‹,100+,10+,10+
è€å´”ç›†æ™¯æ—¥è®°,åˆ†äº«çš„æµ‡æ°´æŠ€å·§è¯·è°¨è®°,https://sns-img-qc.xhscdn.com/8aeeadf8-9376-8d59-610c-c154d8b401e4?imageView2/2/w/640/format/webp|imageMogr2/strip,05-18 æ¹–åŒ—,100+,10+,3
å¤§å®‡KELVIN-PANG,âœ…å¦‚æœä½ ä¹Ÿæƒ³æ‹¥æœ‰ä¸€é¢—ç™½é¾Ÿæ ‘ï¼Œè¯·è¿›,https://sns-img-qc.xhscdn.com/8aeeadf8-9376-8d59-610c-c154d8b401e4?imageView2/2/w/640/format/webp|imageMogr2/strip,05-18 å¹¿ä¸œ,100+,10+,10+
æ³¡èŠ™å°ç‚¹ç‚¹,æç®€ç”Ÿæ´»ï½œä½èƒ½é‡è€…ä¸“å±æç®€çœé’±æŒ‡å—,https://sns-img-qc.xhscdn.com/8aeeadf8-9376-8d59-610c-c154d8b401e4?imageView2/2/w/640/format/webp|imageMogr2/strip,05-18 æ²³åŒ—,100+,100+,10+
çˆ±å–å¯ä¹,æ²‰æµ¸å¼æ—¥å¸¸æ¶ˆè€—å¼€ç®±è¡¥è´§,https://sns-img-qc.xhscdn.com/8aeeadf8-9376-8d59-610c-c154d8b401e4?imageView2/2/w/640/format/webp|imageMogr2/strip,05-17 å±±ä¸œ,100+,10+,10+
æ¤¿æ¶§è®¾è®¡è¡¨ç°,æˆ‘ä¸å…è®¸è¿˜æœ‰äººæ²¡æœ‰çœ‹è¿‡æˆ‘ä»¬è¿™å¥—æ•ˆæœå›¾,https://sns-img-qc.xhscdn.com/8aeeadf8-9376-8d59-610c-c154d8b401e4?imageView2/2/w/640/format/webp|imageMogr2/strip,05-13 å¹¿ä¸œ,100+,100+,10+
æˆ·å‹æ”¹é€ ï½å‹‡å“¥ï¼ˆæœ‰è¯¾ï¼‰,æˆ·å‹æ”¹é€ ï½ç²‰ä¸è¯´ä¸šä¸»ç¾¤æ²¸è…¾äº†ğŸ’¥,https://sns-img-qc.xhscdn.com/8aeeadf8-9376-8d59-610c-c154d8b401e4?imageView2/2/w/640/format/webp|imageMogr2/strip,05-13 å¹¿ä¸œ,100+,100+,10+
é˜¿å‡‰,ç‹¬å±…ç”·ç”Ÿroomï½œäº«å—æ™šé—´æ…µæ‡’å®…å®¶çš„æ¾å¼›æ„Ÿâœ¨,https://sns-img-qc.xhscdn.com/8aeeadf8-9376-8d59-610c-c154d8b401e4?imageView2/2/w/640/format/webp|imageMogr2/strip,05-12 å¹¿ä¸œ,100+,10+,10+
åå¸é†’äº†,æ‹–äº†2ä¸ªå¤šæœˆçš„zarahomeå¼€ç®±,https://sns-img-qc.xhscdn.com/8aeeadf8-9376-8d59-610c-c154d8b401e4?imageView2/2/w/640/format/webp|imageMogr2/strip,05-12 æµ™æ±Ÿ,100+,100+,10+
ç»¿æ¯›æ¯›ç‹—,120sæ²‰æµ¸å¼æ¶ˆè€—è¡¥è´§ğŸ«™æ”¶çº³/è§£å‹ç”µå­æ¦¨èœâ€¼ï¸,https://sns-img-qc.xhscdn.com/8aeeadf8-9376-8d59-610c-c154d8b401e4?imageView2/2/w/640/format/webp|imageMogr2/strip,05-11,100+,100+,10+
Linm10,æˆ‘é‚£ä¸ªç©ºäº†ä¸¤å¹´çš„ğŸ ,https://sns-img-qc.xhscdn.com/8aeeadf8-9376-8d59-610c-c154d8b401e4?imageView2/2/w/640/format/webp|imageMogr2/strip,05-10,100+,10+,10+
å†°ä»”,æ²¡çœ‹é”™ï¼æˆ‘çš„å§å®¤å…¨æ˜¯å°æŸœå­å–”ï½,https://sns-img-qc.xhscdn.com/21c52d58-a262-229b-1fce-b901f426f2af?imageView2/2/w/640/format/webp|imageMogr2/strip,05-08,100+,100+,10+
åæ§½å–2å·,æœ‰è¶£çš„äº¤å‰²ï¼ˆ15ï¼‰ï¼šå¤å¤©ç©¿æ£‰çº±æœŸè´§æ›´å¥½å“¦,https://sns-img-qc.xhscdn.com/de43f86c-5f75-1618-3d7a-582920e7fc35?imageView2/2/w/640/format/webp|imageMogr2/strip,05-06,100+,10+,10+
ä½å§ï¼Œäº²çˆ±çš„å®¶,è‹±å›½è·èµæ— æ•°çš„å„¿ç«¥æˆ¿ï¼ŒIKEAå„¿å®¶å…·å¤§å…¨,https://sns-img-qc.xhscdn.com/de43f86c-5f75-1618-3d7a-582920e7fc35?imageView2/2/w/640/format/webp|imageMogr2/strip,05-01,100+,100+,4
æ¨å˜‰æ‚¦ Natalie,ä¸“ä¸šåŒ–å¦†å¸ˆæ”¶çº³,https://sns-img-qc.xhscdn.com/7e0890df-d567-7bd9-dbe9-ecafc746e9e4?imageView2/2/w/640/format/webp|imageMogr2/strip,04-28,10+,100+,10+
å…¨å±‹å®šåˆ¶è®¾è®¡-æµ‹é‡|æ‰‹ç»˜,å…¨å±‹å®šåˆ¶è®¾è®¡å¸ˆæµ‹é‡æ—¥å¸¸,https://sns-img-qc.xhscdn.com/bff75334-030c-32e0-6727-020f9a1a8d92?imageView2/2/w/640/format/webp|imageMogr2/strip,04-26,10+,100+,10+
å§œå§œå§œé…±,100sæ²‰æµ¸å¼æ¶ˆè€—è¡¥è´§ğŸ›’ä»Šæ—¥ä»½çš„ä¸¥ä¸åˆç¼â—ï¸,https://sns-img-qc.xhscdn.com/bff75334-030c-32e0-6727-020f9a1a8d92?imageView2/2/w/640/format/webp|imageMogr2/strip,04-25,10+,10+,10+
æ…µæ‡’çš„ç™¾åˆ©ç”œ,å¥½åƒå›åˆ°äº†å°æ—¶å€™çš„å®¶ï½ğŸ ,https://sns-img-qc.xhscdn.com/bff75334-030c-32e0-6727-020f9a1a8d92?imageView2/2/w/640/format/webp|imageMogr2/strip,04-21,10+,10+,8
èŠ± Young èŠ±è‰º,å—å®èŠ±åº—ï½œæ˜ç æ ‡ä»·49.9ğŸ’°,https://sns-img-qc.xhscdn.com/bff75334-030c-32e0-6727-020f9a1a8d92?imageView2/2/w/640/format/webp|imageMogr2/strip,04-20,100+,100+,10+
TO LOVEèŠ±è‰º,ä¸€åªå¯ä»¥ç«™ç«‹çš„å‘æ—¥è‘µå°èŠ±æŸ ä½ å­¦ä¼šäº†å—ï¼Ÿ,https://sns-img-qc.xhscdn.com/8ee89246-1ba1-4d17-1ff8-7465d9add048?imageView2/2/w/640/format/webp|imageMogr2/strip,04-17,100+,100+,9
æˆ‘æ˜¯èµµé£ç‡•å‘€ï¼,æ³•å¼è£…ä¿® | æµªæ¼«å®¶å±…æ°›å›´-FRENCH,https://sns-img-qc.xhscdn.com/9b63c4f2-8957-c4fc-55c2-8509ada2ec1f?imageView2/2/w/640/format/webp|imageMogr2/strip,04-14,100+,10+,2
JCçš„å®¶ï¼ˆè‡ªè£…ingï¼‰,ç­”åº”æˆ‘ï¼çœ‹å®Œè¿™ç¯‡ï¼Œæœ¨åœ°æ¿å®‰è£…åˆ«å†è¸©å‘äº†,https://sns-img-qc.xhscdn.com/d588260a-66b3-6d0a-54b6-42b6f9082708?imageView2/2/w/640/format/webp|imageMogr2/strip,04-11,100+,10+,9
å¡ä¸˜è®¾è®¡,ä¸ç”¨çœŸå®æ¸²æŸ“ä¸€æ ·åšå‡ºå¥½çœ‹çš„æ•ˆæœå›¾çº¸,https://sns-img-qc.xhscdn.com/d588260a-66b3-6d0a-54b6-42b6f9082708?imageView2/2/w/640/format/webp|imageMogr2/strip,04-09,10+,1k+,10+
å¡ä¸˜è®¾è®¡,ä¸ç”¨çœŸå®æ¸²æŸ“ä¸€æ ·åšå‡ºå¥½çœ‹çš„æ•ˆæœå›¾çº¸,https://sns-img-qc.xhscdn.com/c161ec05-a787-4d7a-b05d-56deac778009?imageView2/2/w/640/format/webp|imageMogr2/strip,04-09,100+,1k+,10+
æ–°å®¤ç›¸,å…³äº2ä¸ªäº¿æˆäº¤çš„ç“·ç¢—ï¼Œè‹å¯Œæ¯”ç²¾å½©çŸ­è§†é¢‘ã€‚,https://sns-img-qc.xhscdn.com/7e0890df-d567-7bd9-dbe9-ecafc746e9e4?imageView2/2/w/640/format/webp|imageMogr2/strip,04-08,100+,8,1
çˆ±ä¸ŠèŠ±å›­ç›´æ’­é—´,ä¹°ä¸ªç‰¹æ®Šä¸€ç‚¹çš„ç›†å™¨ç§ä¸ªç‰¹æ®Šä¸€ç‚¹çš„æ¤ç‰©ğŸŒ³,https://sns-img-qc.xhscdn.com/7e0890df-d567-7bd9-dbe9-ecafc746e9e4?imageView2/2/w/640/format/webp|imageMogr2/strip,04-08,100+,10+,10+
å·§å…‹åŠ›,å¨æˆ¿è™½ç„¶ä¹±ï¼Œå´æ˜¯æˆ‘æœ€çˆ±å‘†çš„åœ°æ–¹,https://sns-img-qc.xhscdn.com/2352183e-7b5b-7896-f206-f65c343918dc?imageView2/2/w/640/format/webp|imageMogr2/strip,04-07,100+,10+,7
å°ä¸ƒçš„èŠ±å›­,ä¸¤å¹´çš„é˜¿å¼—é›·ä»Šå¹´æ˜¥å¤©èƒ½å¼€å¤šå°‘è¯èŠ±ï¼Ÿ,https://sns-img-qc.xhscdn.com/2352183e-7b5b-7896-f206-f65c343918dc?imageView2/2/w/640/format/webp|imageMogr2/strip,04-06,100+,6,10+
æ¢…æ ¹ç¾ä¸€,35å¹³Loft å…¬å¯“ Â·é™†ç»­æ”¶å°¾ä¸­,https://sns-img-qc.xhscdn.com/5ea48e70-b5b7-f9df-4de9-f233a193cee1?imageView2/2/w/640/format/webp|imageMogr2/strip,04-06,100+,10+,10+
å…»èŠ±åŒ å°é½,ä»™äººçƒä¸å¼€èŠ±ï¼Ÿåªè¦ä½ å†¬å¤©è¶³å¤Ÿæ‡’,https://sns-img-qc.xhscdn.com/adb9b0b0-5a4b-1852-850f-da70b74d13c7?imageView2/2/w/640/format/webp|imageMogr2/strip,04-04,100+,10+,9
è’é‡ç‹ç‰¹å·¥,é‡å¤–å»ºé€ ç¯‡,https://sns-img-qc.xhscdn.com/adb9b0b0-5a4b-1852-850f-da70b74d13c7?imageView2/2/w/640/format/webp|imageMogr2/strip,04-03,100+,1k+,9
ç±³å®¶å°ç”Ÿæ´»,æ”¹é€ å®¶ï¼Œé˜³å°äºŒæ¬¡æ”¹é€ ï½,https://sns-img-qc.xhscdn.com/adb9b0b0-5a4b-1852-850f-da70b74d13c7?imageView2/2/w/640/format/webp|imageMogr2/strip,04-03,10+,100+,10+
å®¤å†…è®¾è®¡å¸ˆJIMMYå‡ ç±³æ¨,ä¸€ä¸ªé™è°§çš„å®¶â€¦LUMOSæ–°ä½œ,https://sns-img-qc.xhscdn.com/47b78f56-e1c3-cdab-99d2-fec4eb9d2015?imageView2/2/w/640/format/webp|imageMogr2/strip,03-29,10+,100+,10+
ç±³å®¶å°ç”Ÿæ´»,æ”¹é€ å®¶ï¼Œé˜³å°äºŒæ¬¡æ”¹é€ ï½,https://sns-img-qc.xhscdn.com/e1ce6079-3074-50e5-26c1-d7e3b144e5e0?imageView2/2/w/640/format/webp|imageMogr2/strip,04-03,1k+,100+,10+
å®¤å†…è®¾è®¡å¸ˆJIMMYå‡ ç±³æ¨,ä¸€ä¸ªé™è°§çš„å®¶â€¦LUMOSæ–°ä½œ,https://sns-img-qc.xhscdn.com/c161ec05-a787-4d7a-b05d-56deac778009?imageView2/2/w/640/format/webp|imageMogr2/strip,03-29,1k+,100+,10+
ä¸€ç¾¤å¾ˆå“‡å¡çš„å¥³è®¾è®¡å¸ˆ,æˆ‘ç»ˆäºæ‰¾åˆ°ä¸€ä¸ªç¦å·å·¨æ‡‚å‘³å·¨è´Ÿè´£çš„è®¾è®¡å¸ˆ,https://sns-img-qc.xhscdn.com/c161ec05-a787-4d7a-b05d-56deac778009?imageView2/2/w/640/format/webp|imageMogr2/strip,03-29,1k+,10+,100+
Elisabethism,25å¹³çš„æ²¹ç”»æ„Ÿå°å…¬å¯“ğŸ·,https://sns-img-qc.xhscdn.com/c161ec05-a787-4d7a-b05d-56deac778009?imageView2/2/w/640/format/webp|imageMogr2/strip,03-28,1k+,100+,7
è«è²Mofeel,æˆ‘åˆæ‹†å®¶å•¦ï¼æ”¹é€ å®Œçš„ç…§ç‰‡å¢™ä¹Ÿå¤ªå¥½çœ‹äº†ï¼,https://sns-img-qc.xhscdn.com/c161ec05-a787-4d7a-b05d-56deac778009?imageView2/2/w/640/format/webp|imageMogr2/strip,03-27,10+,100+,100+
è›™è›™æ€ª,ğŸ€æ‰“åŒ…å¥½ç‰©åˆ†äº«ï½œå¦ˆè€¶ï¼ä½è‡³3.39rï¼,https://sns-img-qc.xhscdn.com/b43d809d-0bd5-26b9-af37-b4fe77b7ee41?imageView2/2/w/640/format/webp|imageMogr2/strip,03-27,10+,100+,10+
è¥¿å®‰å…¨å±‹å®šåˆ¶-æ³½æœ¨åˆ¶é€ ,è¥¿å®‰ï½œä¸­å¤æ³•å¼é£é¤è¾¹æŸœğŸ’«è®¾è®¡å¸ˆçœŸçš„ç”¨å¿ƒäº†,https://sns-img-qc.xhscdn.com/b43d809d-0bd5-26b9-af37-b4fe77b7ee41?imageView2/2/w/640/format/webp|imageMogr2/strip,03-27,10+,100+,0
Galaxy.èŠ±è‰ºè®¾è®¡,å¡å¸ƒå¥‡è¯ºéƒé‡‘é¦™èŠ±æŸæ•™ç¨‹ï½œåŒ—äº¬èŠ±åº—æ—¥å¸¸VLOG,https://sns-img-qc.xhscdn.com/f3739447-724a-48a6-201a-e0929e4060d3?imageView2/2/w/640/format/webp|imageMogr2/strip,03-23,10+,100+,10+
æ¾œä»™å¥³çš„ä¸€å¤©ğŸ’«,Diyå¥¶æ²¹èƒ¶æ‘†ä»¶ï½œç”·ä¸€å·&å¥³ä¸€å·çš„è‰åªå©šç¤¼,https://sns-img-qc.xhscdn.com/3d954bad-de9e-fcea-3e3f-24a115f8ef31?imageView2/2/w/640/format/webp|imageMogr2/strip,03-22,10+,10+,100+
MaHo sweetlife,å…¬å¯“é‡Œçš„ç”œå“åº—ï½œå§å°ä¸‹åˆæ·»ç½®äº†ä¸€å¥—æ¡Œæ¤…,https://sns-img-qc.xhscdn.com/3d954bad-de9e-fcea-3e3f-24a115f8ef31?imageView2/2/w/640/format/webp|imageMogr2/strip,03-22,10+,100+,10+
æ¾œä»™å¥³çš„ä¸€å¤©ğŸ’«,Diyå¥¶æ²¹èƒ¶æ‘†ä»¶ï½œç”·ä¸€å·&å¥³ä¸€å·çš„è‰åªå©šç¤¼,https://sns-img-qc.xhscdn.com/3cc8f6c2-6d0c-2104-85ff-20300ed857d9?imageView2/2/w/640/format/webp|imageMogr2/strip,03-22,100+,10+,100+
MaHo sweetlife,å…¬å¯“é‡Œçš„ç”œå“åº—ï½œå§å°ä¸‹åˆæ·»ç½®äº†ä¸€å¥—æ¡Œæ¤…,https://sns-img-qc.xhscdn.com/8d009a99-ca5f-0ab0-a106-55aca5beebc6?imageView2/2/w/640/format/webp|imageMogr2/strip,03-22,100+,100+,10+
æœ¬å¸ç²˜ç²˜CompanySticky,ä»æ­¤ä»¥åï¼æˆ‘å†ä¹Ÿä¸ç”¨æ‰£æ¥¼æ¢¯äº†ï¼,https://sns-img-qc.xhscdn.com/8d009a99-ca5f-0ab0-a106-55aca5beebc6?imageView2/2/w/640/format/webp|imageMogr2/strip,03-20,100+,10+,10+
è¯ºè¯ºğŸŒ¸,æ–°æ‰‹å…»æœˆå­£ï½œæœˆå­£å°è‹—æ˜¥å­£å…»æŠ¤æ”»ç•¥,https://sns-img-qc.xhscdn.com/8d009a99-ca5f-0ab0-a106-55aca5beebc6?imageView2/2/w/640/format/webp|imageMogr2/strip,03-21 ä¸Šæµ·,100+,10+,4
å°æå®¶èŠè¯,å¤šæ¬¡è­¦å‘Šï¼Œä½ ä»¬è¿˜å·ï¼ŒæŒ‚äººäº†,https://sns-img-qc.xhscdn.com/8d009a99-ca5f-0ab0-a106-55aca5beebc6?imageView2/2/w/640/format/webp|imageMogr2/strip,03-20,10+,4,10+
å¤§æ˜‚å–”å–”,ç‹¬å±…â€¢ç§Ÿæˆ¿å°é”…|é€‚åˆ1~2äººé£Ÿçš„æ¼‚äº®å°é”…,https://sns-img-qc.xhscdn.com/356b0692-c34a-ec19-c1ce-c6b596e2eb93?imageView2/2/w/640/format/webp|imageMogr2/strip,03-19,10+,100+,10+
å®‰å¦®çš„å°ç†Š,å»æ˜¥å¤©èŠ±ä¹å›­èŠ±6.5ğŸ’°å¸¦å›äº†3ç›†å°fafa,https://sns-img-qc.xhscdn.com/356b0692-c34a-ec19-c1ce-c6b596e2eb93?imageView2/2/w/640/format/webp|imageMogr2/strip,03-19,100+,10+,10+
åŒ—å¤§å¥½ç‰©,20ä»¶ä¸å‘å·¥èµ„ä¹Ÿè¦ä¹°å›æ¥çš„ç¶å°ç¥å¥‡,https://sns-img-qc.xhscdn.com/dbe15374-8d56-2107-bfd2-982cdda5e94c?imageView2/2/w/640/format/webp|imageMogr2/strip,03-19,100+,10+,0
æ¾é¼ å¤ªå¤ª,å¦‚ä½•æ‰“é€ ä¸€ä¸ªé“¶è‰²èŠ±é•œï¼Ÿ,https://sns-img-qc.xhscdn.com/3cc8f6c2-6d0c-2104-85ff-20300ed857d9?imageView2/2/w/640/format/webp|imageMogr2/strip,03-18,100+,100+,10+
å¦ˆå¦ˆæœ‰ä¸€å®¶æ‰‹å·¥åº—,è¿™ç®—å¤å¤é£èŠ±æŸå—ï¼Ÿ,https://sns-img-qc.xhscdn.com/3cc8f6c2-6d0c-2104-85ff-20300ed857d9?imageView2/2/w/640/format/webp|imageMogr2/strip,03-18,100+,100+,10+
æ‡’ç¾Šç¾Šçš„çª,è€å…¬æƒŠå‘†äº†:ä½ ç«Ÿç„¶è¿˜ä¼šæ¢å°„ç¯ï¼Ÿï¼,https://sns-img-qc.xhscdn.com/ba4073c2-194f-ae41-e85a-4eba5ada4fde?imageView2/2/w/640/format/webp|imageMogr2/strip,03-17,100+,100+,10+
æ–‡éª,RoomTourï½œå’±å°±æ˜¯è¯´è¿‡æ—¥å­å§å®¤è¡£æŸœä¸å«Œå¤š,https://sns-img-qc.xhscdn.com/ba4073c2-194f-ae41-e85a-4eba5ada4fde?imageView2/2/w/640/format/webp|imageMogr2/strip,03-17,100+,100+,10+
å¿«ä¹è·³è·³ç³–,ğŸ’–ğŸ’™ğŸŒ·ğŸ¥œæœ€è¿‘å‡ æ—¥çš„å®¶ï¼ŒğŸ˜Šç¬‘è„¸åˆé›†ğŸŒ·ğŸ¥œğŸ’–ğŸ’™,https://sns-img-hw.xhscdn.com/85372d3c-35e9-6d2e-975f-2fe859c8a6e5?imageView2/2/w/640/format/webp|imageMogr2/strip,03-17,100+,10+,10+
å¤§å®çš„æ–°å®¶,ç½‘è´­æ²™å‘æ€ä¹ˆé€‰â“,https://sns-img-qc.xhscdn.com/f0bdac39-f483-d47d-603b-79bf303dc953?imageView2/2/w/640/format/webp|imageMogr2/strip,03-17,100+,10+,10+
LALADEMI,å¼€æˆèŠè¯èŠ± å±…ç„¶æ˜¯éƒé‡‘é¦™,https://sns-img-qc.xhscdn.com/f0bdac39-f483-d47d-603b-79bf303dc953?imageView2/2/w/640/format/webp|imageMogr2/strip,03-16,100+,100+,100+
æ¼‚äº®æ‹–é‹,è£…ä¿®çœ‹ç¾å›¾ï¼Œåˆ°åº•å­¦äº›å•¥ï¼Ÿ,https://sns-img-qc.xhscdn.com/f0bdac39-f483-d47d-603b-79bf303dc953?imageView2/2/w/640/format/webp|imageMogr2/strip,03-16,100+,100+,10+
ç¾å‘³åœŸè±†è¶…äºº,ä¸ç”¨å†æ‹…å¿ƒæ‰“åŒ…ææ–™æ²¡æœ‰å®¶äº† å› ä¸ºâ€¦â€¦,https://sns-img-qc.xhscdn.com/f0bdac39-f483-d47d-603b-79bf303dc953?imageView2/2/w/640/format/webp|imageMogr2/strip,03-16,100+,10+,10+
çˆ±åƒé¢åŒ…çš„æ¾å­,ç¬¬ä¸€æ¬¡è£…ä¿®å°±è£…å‡ºäº†å–œæ¬¢çš„å®¶,https://sns-img-hw.xhscdn.com/aaac8d6c-3679-6490-ec70-133e5e79e5b5?imageView2/2/w/640/format/webp|imageMogr2/strip,03-16,100+,10+,10+
MONSTREå…½èŠ±é©¬,æ­¦æ±‰é«˜å¥¢èŠ±åº—ï½œè¿™æ˜¯ä¸€é¦–ã€Šç™¾é¸Ÿæœå‡¤ã€‹å’å¹è°ƒï¼,https://sns-img-hw.xhscdn.com/aaac8d6c-3679-6490-ec70-133e5e79e5b5?imageView2/2/w/640/format/webp|imageMogr2/strip,03-16,100+,10+,10+
ä¸€é¢—å°æ˜Ÿæ˜Ÿ,8ä¸‡ç©·è£…ç®€çº¦é£ï¼Œæœç„¶è¶Šç©·ï¼Œå®¶è¶Šæ˜¾å¤§,https://sns-img-hw.xhscdn.com/aaac8d6c-3679-6490-ec70-133e5e79e5b5?imageView2/2/w/640/format/webp|imageMogr2/strip,03-15,100+,10+,10+
æ‹‰é¢ä¸¸å­å°‘å¥³é¦†,æ˜¥å¤©äº†ç»™ä¹¦æ¡Œæ·»ç‚¹é¢œè‰²å­ğŸ˜˜,https://sns-img-hw.xhscdn.com/48c1973a-7d21-ac46-064f-d1ccc3a797d5?imageView2/2/w/640/format/webp|imageMogr2/strip,03-15,10+,10+,1
å¤§æš–å°ç›ˆ,å‡ä»·å‡ æ¯›é’±ğŸ’°çš„æ”¶çº³ç¥å™¨â—ï¸Lå‹æŒ‚é’©ç”¨æ³•å¤§å…¨,https://sns-img-hw.xhscdn.com/85372d3c-35e9-6d2e-975f-2fe859c8a6e5?imageView2/2/w/640/format/webp|imageMogr2/strip,03-15,10+,100+,8
æ¬£æ¬£ç„¶å°è£ç¼,æ­£ç»¢å’Œæœï¼Œæœç„¶è‰²æ— åœ°æ˜¯yydsçš„å­˜åœ¨,https://sns-img-hw.xhscdn.com/85372d3c-35e9-6d2e-975f-2fe859c8a6e5?imageView2/2/w/640/format/webp|imageMogr2/strip,03-15,10+,10+,10+
æ‹‰é¢ä¸¸å­å°‘å¥³é¦†,æ˜¥å¤©äº†ç»™ä¹¦æ¡Œæ·»ç‚¹é¢œè‰²å­ğŸ˜˜,https://sns-img-hw.xhscdn.com/c9893981-405e-fb7c-bf4d-c092ded178fb?imageView2/2/w/640/format/webp|imageMogr2/strip,03-15,10+,10+,1
å¤§æš–å°ç›ˆ,å‡ä»·å‡ æ¯›é’±ğŸ’°çš„æ”¶çº³ç¥å™¨â—ï¸Lå‹æŒ‚é’©ç”¨æ³•å¤§å…¨,https://sns-img-hw.xhscdn.com/aef84dd2-8ba5-3615-ecce-3f99c1afbb4c?imageView2/2/w/640/format/webp|imageMogr2/strip,03-15,10+,100+,8
æ¬£æ¬£ç„¶å°è£ç¼,æ­£ç»¢å’Œæœï¼Œæœç„¶è‰²æ— åœ°æ˜¯yydsçš„å­˜åœ¨,https://sns-img-hw.xhscdn.com/aef84dd2-8ba5-3615-ecce-3f99c1afbb4c?imageView2/2/w/640/format/webp|imageMogr2/strip,03-15,10+,10+,10+
ç„•æ–°å®¶å±…å›¢,ç´¢å°¼å¤§æ³•å¥½å•ŠğŸ‰315å…¨ç³»å‹å·æŠ„åº•æ¥è¢­ğŸ‰,https://sns-img-hw.xhscdn.com/aef84dd2-8ba5-3615-ecce-3f99c1afbb4c?imageView2/2/w/640/format/webp|imageMogr2/strip,03-14,10+,1,10+
ğŸé•¿æ²™æç®€å®šåˆ¶æŸœè®¾è®¡å¸ˆ,æ¹˜æ±Ÿå£¹å·ğŸ‚æŸœå­è½åœ°å®æ™¯ç°åœºç…§é«˜çº§è‚¤æ„Ÿ,https://sns-img-hw.xhscdn.com/aef84dd2-8ba5-3615-ecce-3f99c1afbb4c?imageView2/2/w/640/format/webp|imageMogr2/strip,03-14,100+,100+,10+
ACT STUDIOå»ºç­‘ç©ºé—´æ‘„å½±,ç©ºé—´æ‘„å½±ï½œè®¾è®¡å¸ˆçš„å®¶Designer's Home,https://sns-img-hw.xhscdn.com/5a906888-be0f-0185-780c-4e5b98aa0cec?imageView2/2/w/640/format/webp|imageMogr2/strip,03-14,100+,100+,2
èŠ±æ˜“è¾¾,æ— é™å›è´­ï¼ç”„é€‰Aï¼‹çº§å“è´¨ï¼Œæ‰ä»·2å—å‡ºå¤´æ‹¿ä¸‹ï¼,https://sns-img-hw.xhscdn.com/9527702b-5587-c1ba-237d-a6a8262ac596?imageView2/2/w/640/format/webp|imageMogr2/strip,03-14,100+,10+,10+
å…±ç›¸è‰ºæœ¯ç¾å­¦,ç„å…³é¥°å“æ€ä¹ˆé€‰,https://sns-img-hw.xhscdn.com/9527702b-5587-c1ba-237d-a6a8262ac596?imageView2/2/w/640/format/webp|imageMogr2/strip,03-14,100+,100+,0
é™çˆ·æ˜¯æˆ‘å‘€,æ‹†ç®±æ—¥è®°ğŸ›’ | å¿«ä¹å¾ˆç®€å•ï¼Œä¸ºå–œæ¬¢ä¹°å•ï¼,https://sns-img-hw.xhscdn.com/9527702b-5587-c1ba-237d-a6a8262ac596?imageView2/2/w/640/format/webp|imageMogr2/strip,03-14,100+,10+,10+
å·´å¡èŠ±åº—Laureiro,æ³•å¼é“çš®èŠ±è‰ºçš„åˆ¶ä½œè¿‡ç¨‹(2),https://sns-img-hw.xhscdn.com/1f6f4798-1474-74db-f19c-555b4f97db21?imageView2/2/w/640/format/webp|imageMogr2/strip,03-14,10+,10+,10+
GardenEelèŠ±å›­é³—,ç°åœ¨å–èŠ±éƒ½è¿™ä¹ˆè¯¡è®¡å¤šç«¯ ä¹ˆï¼Ÿ,https://sns-img-hw.xhscdn.com/c9893981-405e-fb7c-bf4d-c092ded178fb?imageView2/2/w/640/format/webp|imageMogr2/strip,03-13,10+,10+,10+
å·´å¡èŠ±åº—Laureiro,æ³•å¼é“çš®èŠ±è‰ºçš„åˆ¶ä½œè¿‡ç¨‹(2),https://sns-img-hw.xhscdn.com/636b6bbd-50f8-1594-6226-80229019e275?imageView2/2/w/640/format/webp|imageMogr2/strip,03-14,10+,10+,10+
GardenEelèŠ±å›­é³—,ç°åœ¨å–èŠ±éƒ½è¿™ä¹ˆè¯¡è®¡å¤šç«¯ ä¹ˆï¼Ÿ,https://sns-img-hw.xhscdn.com/c9893981-405e-fb7c-bf4d-c092ded178fb?imageView2/2/w/640/format/webp|imageMogr2/strip,03-13,10+,10+,10+
AIGCåˆ›æ„è‰ºæœ¯æ¢ç´¢,æˆ‘æŠŠå®‰è—¤å¿ é›„çš„ä½œå“å–‚ç»™AIå­¦ä¹ å,https://sns-img-hw.xhscdn.com/c9893981-405e-fb7c-bf4d-c092ded178fb?imageView2/2/w/640/format/webp|imageMogr2/strip,03-12,10+,1k+,100+
å°¼æ³Šå°”å¤§ä¹Œå†¬,æ˜¥å¤©æ¥å•¦~å›­è‰ºäººèµ·æ¥å¹²æ´»ï¼,https://sns-img-hw.xhscdn.com/c9893981-405e-fb7c-bf4d-c092ded178fb?imageView2/2/w/640/format/webp|imageMogr2/strip,03-12,100+,3,10+
å°å…”åªaå‘€,åˆæ¥æ”¹é€ æˆ‘çš„å°å§å®¤å•¦ğŸ’•æˆ¿é—´ä¹Ÿæœ‰æ¡Œå­å•¦,https://sns-img-hw.xhscdn.com/166204c9-31fc-12bf-46dc-75e839cd7605?imageView2/2/w/640/format/webp|imageMogr2/strip,03-12,100+,10+,7
æˆéƒ½March Floral ï½,æˆéƒ½èŠ±åº—ï½œğŸŒ·éƒé‡‘é¦™æ··æ­èŠ±æŸæ•™ç¨‹ï½,https://sns-img-hw.xhscdn.com/6bcabf4d-5b21-ae16-fa34-fd2bf351aa50?imageView2/2/w/640/format/webp|imageMogr2/strip,03-12,100+,10+,1
Yann,å“ä½æ˜¯ç”Ÿæ´»çš„é•¿æœŸæƒ¯æ€§,https://sns-img-hw.xhscdn.com/6bcabf4d-5b21-ae16-fa34-fd2bf351aa50?imageView2/2/w/640/format/webp|imageMogr2/strip,03-10,100+,100+,10+
ä¸€é¢—é‡è‰è“ğŸ“,æ•™ä½ æ‰“é€ ä¸­å¤é£çš„æ¸©æš–å®¢å…,https://sns-img-hw.xhscdn.com/6bcabf4d-5b21-ae16-fa34-fd2bf351aa50?imageView2/2/w/640/format/webp|imageMogr2/strip,03-11,10+,100+,10+
janå¿«ä¸€ç‚¹,é¤è¾¹æŸœè¿™æ ·åšï¼Œä¸€å®šä¸åæ‚”ï¼,https://sns-img-hw.xhscdn.com/515b6792-e761-d66b-9a2c-d4126f9b0ffe?imageView2/2/w/640/format/webp|imageMogr2/strip,03-09,10+,100+,10+
janå¿«ä¸€ç‚¹,é¤è¾¹æŸœè¿™æ ·åšï¼Œä¸€å®šä¸åæ‚”ï¼,https://sns-img-hw.xhscdn.com/a0d4dba8-b3f7-f2ec-cba5-8e1550b0df0c?imageView2/2/w/640/format/webp|imageMogr2/strip,03-09,100+,100+,10+
ä¸€åªçš®å…”,å°åŸæ—¥å­ï½œğŸ¤,https://sns-img-hw.xhscdn.com/1000g008269v7e2gfo0004a7nbe3i76ul6nfqb70?imageView2/2/w/640/format/webp|imageMogr2/strip,03-09,100+,100+,3
æ˜¯å¤§å®çš„å®¶å–,ğŸ 9.5ä¸‡ï¼Œ102å¹³ï¼ŒğŸ™ˆæˆ‘æ˜¯æ€ä¹ˆåšåˆ°çš„,https://sns-img-hw.xhscdn.com/1000g008269v7e2gfo0004a7nbe3i76ul6nfqb70?imageView2/2/w/640/format/webp|imageMogr2/strip,03-09,100+,100+,10+
ç‹éŸ©é›ªé›ªé›ª,å±±é‡ä¸‡ä¸‡é‡ŒğŸ’ ä½™ç”Ÿè·¯æ¼«æ¼«ğŸ’Œ,https://sns-img-hw.xhscdn.com/1000g008269v7e2gfo0004a7nbe3i76ul6nfqb70?imageView2/2/w/640/format/webp|imageMogr2/strip,03-09,1k+,10+,10+
çŒ«å·,å¥³æ€§è¦æœ‰ä¸€é—´è‡ªå·±çš„æˆ¿é—´,https://sns-img-hw.xhscdn.com/1000g008263si99cfe0005oghv11k0uibhu0hf08?imageView2/2/w/640/format/webp|imageMogr2/strip,03-08,10+,10+,10+
å¨œå¨œçš„å¤§èƒ¡å­,æˆ‘ä»¬å®¶çš„è§’è½é‡Œâ€¦â€¦â€¦ï¼ˆå¤šå›¾ï¼‰,https://sns-img-hw.xhscdn.com/1000g008263o91f4fs00043m2f9lvd49un7hk0c0?imageView2/2/w/640/format/webp|imageMogr2/strip,03-07,10+,100+,100+
ä¼Šä¾ä»Šå¤©ç˜¦äº†æ²¡,4 ã¡å¹²æ¹¿åˆ†ç¦»å«ç”Ÿé—´ï½œè¿˜æœ‰æ²¡æŠ„ä½œä¸šçš„ä¹ˆğŸ˜ƒ,https://sns-img-hw.xhscdn.com/1000g008263o91f4fs00043m2f9lvd49un7hk0c0?imageView2/2/w/640/format/webp|imageMogr2/strip,03-07,100+,100+,10+
Sandy.é™,æ²¡æƒ³åˆ°æœ¨å·¥æ‰“çš„æ©±æŸœä¹Ÿèƒ½è¿™ä¹ˆå¥½çœ‹ï¼é™„å°ºå¯¸å›¾,https://sns-img-hw.xhscdn.com/1000g00825qfvsr2fe0005ngra0ig8pbdbvab0uo?imageView2/2/w/640/format/webp|imageMogr2/strip,03-06,100+,100+,10+
è®¾è®¡å¸ˆIntime,è¿™ä¸ª15ã¡å·¥ä½œå®¤ï¼Œæ”¶çº³ç©ºé—´ç»ç»å­ğŸ¤©,https://sns-img-hw.xhscdn.com/1000g00825qfvsr2fe0005ngra0ig8pbdbvab0uo?imageView2/2/w/640/format/webp|imageMogr2/strip,03-06,10+,100+,7
HQin,ç§èŠ±ä¸‰å¹´ï¼Œå½’æ¥ä»éœ€tbä¸€é”®å¤æ´»,https://sns-img-hw.xhscdn.com/1000g00825smvm6ufq00g4a59f1gtd3sabfq43k8?imageView2/2/w/640/format/webp|imageMogr2/strip,03-05,10+,0,100+
HQin,ç§èŠ±ä¸‰å¹´ï¼Œå½’æ¥ä»éœ€tbä¸€é”®å¤æ´»,https://sns-img-hw.xhscdn.com/63530870-c251-0f88-d73b-3310a94a45ba?imageView2/2/w/640/format/webp|imageMogr2/strip,03-05,100+,0,100+
ç•ªç¦ºå®œå®¶ç‰¹ä»·å‘å¸ƒå‘˜,3.2å…¨æ–°ï¼,https://sns-img-hw.xhscdn.com/b41173fb-95a9-fff3-179c-7cf64c8f7670?imageView2/2/w/640/format/webp|imageMogr2/strip,03-02,100+,1,10+
